accuracy,max depth,max leaf nodes
[4.923843   5.61432375 4.81290223 ... 6.56948962 6.29160134 6.01551564],10,10
